customer_id,customer_name,first_order_date,region
CUST00001,Neeraj Mishra,07-07-2022,Uttarakhand
CUST00002,Suresh Malhotra,03-01-2022,Telangana
CUST00003,Neeraj Joshi,22-04-2022,Bihar
CUST00004,Aarti Mishra,03-08-2023,Punjab
CUST00005,Neha Joshi,25-10-2022,Karnataka
CUST00006,NIDHI MEHTA,12-03-2023,Madhya Pradesh
CUST00007,Kunal Iyer,12-02-2023,Haryana
CUST00008,Ritika Mishra,16-05-2022,Maharashtra
CUST00009,Pankaj Gupta,24-11-2023,Madhya Pradesh
CUST00010,Alok Sharma,10-04-2022,Punjab
CUST00011,Shreya Reddy,25-08-2023,Maharashtra
CUST00012,Pankaj Bansal,25-04-2023,Maharashtra
CUST00013,Sandeep Chauhan,03-07-2023,Karnataka
CUST00014,Sakshi Gupta,24-05-2023,Maharashtra
CUST00015,Pooja Joshi,24-09-2022,Haryana
CUST00016,Aarti Bansal,01-04-2022,Haryana
CUST00017,Isha Kapoor,17-03-2022,Haryana
CUST00018,Aarti Joshi,13-01-2022,Delhi
CUST00019,NIDHI KAPOOR,15-05-2023,Kerala
CUST00020,Ritika Bansal,08-12-2022,Punjab
CUST00021,Aarti Agarwal,19-09-2023,Haryana
CUST00022,Manish Reddy,02-07-2023,Delhi
CUST00023,Isha Sharma,26-05-2023,Haryana
CUST00024,Suresh Negi,05-01-2022,Delhi
CUST00025,Shreya Nair,09-03-2022,Madhya Pradesh
CUST00026,Sakshi Bansal,30-09-2023,Kerala
CUST00027,NEERAJ AGARWAL,01-10-2022,Rajasthan
CUST00028,Suresh Rawat,21-04-2023,West Bengal
CUST00029,Alok Bansal,30-10-2022,West Bengal
CUST00030,Kavita Yadav,17-03-2023,Madhya Pradesh
CUST00031,Ritika Nair,19-06-2023,West Bengal
CUST00032,Neha Negi,05-02-2022,Madhya Pradesh
CUST00033,Neha Sharma,05-04-2022,Maharashtra
CUST00034,Aarti Thakur,03-10-2022,Karnataka
CUST00035,Arjun Pandey,11-10-2023,Maharashtra
CUST00036,Ananya Nair,24-11-2023,Uttar Pradesh
CUST00037,Kavita Pandey,29-04-2023,Madhya Pradesh
CUST00038,Suresh Agarwal,26-06-2022,Maharashtra
CUST00039,Rahul Pandey,01-10-2023,Telangana
CUST00040,Priya Sharma,09-05-2022,Bihar
CUST00041,Amit Thakur,03-05-2022,Tamil Nadu
CUST00042,Gaurav Singh,07-03-2023,Uttar Pradesh
CUST00043,Sandeep Bansal,16-07-2023,Madhya Pradesh
CUST00044,Neeraj Bansal,25-11-2022,Maharashtra
CUST00045,Kavita Chauhan,28-11-2022,Uttarakhand
CUST00046,Deepak Thakur,04-10-2023,Telangana
CUST00047,Rohan Nair,05-01-2023,West Bengal
CUST00048,Kavita Thakur,08-07-2023,Delhi
CUST00049,Sunil Joshi,13-05-2022,Telangana
CUST00050,PANKAJ RAWAT,21-12-2022,Punjab
CUST00051,Kunal Nair,05-04-2022,Haryana
CUST00052,Neha Iyer,20-06-2022,West Bengal
CUST00053,Sunil Sharma,01-04-2023,Maharashtra
CUST00054, Manish Singh ,12-01-2023,Telangana
CUST00055,Priya Verma,14-07-2023,Telangana
CUST00056,Pankaj Mehta,20-12-2022,Uttar Pradesh
CUST00057,Shreya Mehta,06-04-2023,Rajasthan
CUST00058,Kunal Chauhan,15-08-2023,Kerala
CUST00059,Ritika Bansal,08-03-2023,Uttarakhand
CUST00060,Sunil Sharma,14-05-2022,Haryana
CUST00061,Neeraj Reddy,19-02-2022,Delhi
CUST00062,Neha Negi,21-02-2022,Karnataka
CUST00063,Arjun Yadav,19-02-2023,Gujarat
CUST00064,Suresh Thakur,30-04-2023,Madhya Pradesh
CUST00065,VIKAS THAKUR,15-02-2023,Karnataka
CUST00066,Deepak Sharma,25-03-2023,Punjab
CUST00067,Neeraj Sharma,25-11-2022,Punjab
CUST00068,Suresh Verma,02-04-2022,West Bengal
CUST00069,Pooja Mishra,15-06-2022,Tamil Nadu
CUST00070, Sakshi Chauhan ,26-10-2023,Maharashtra
CUST00071,Pooja Kapoor,08-03-2023,Punjab
CUST00072,Suresh Joshi,10-04-2022,Bihar
CUST00073,Ritika Verma,17-10-2022,Tamil Nadu
CUST00074,Ananya Pandey,25-03-2022,Gujarat
CUST00075,Sunil Pandey,13-05-2023,Madhya Pradesh
CUST00076,Ananya Kapoor,27-05-2023,Gujarat
CUST00077,Isha Negi,09-04-2023,Delhi
CUST00078,Ritika Negi,09-11-2022,Bihar
CUST00079,SUNIL VERMA,19-01-2023,Karnataka
CUST00080,NEERAJ AGARWAL,21-02-2022,Rajasthan
CUST00081,Neha Verma,18-02-2022,Delhi
CUST00082,Ritika Negi,06-05-2023,Maharashtra
CUST00083,Pooja Yadav,20-06-2022,Delhi
CUST00084,Ananya Gupta,06-03-2022,Maharashtra
CUST00085,Priya Joshi,24-10-2022,Madhya Pradesh
CUST00086,Ravi Bansal,02-03-2023,Haryana
CUST00087,Aarti Chauhan,22-09-2023,Delhi
CUST00088,Neha Thakur,11-02-2022,Uttarakhand
CUST00089,Pankaj Chauhan,19-06-2023,West Bengal
CUST00090,Amit Joshi,27-11-2022,Telangana
CUST00091,Neeraj Kapoor,09-10-2022,Delhi
CUST00092,Isha Gupta,24-07-2023,Telangana
CUST00093,Pooja Negi,20-05-2023,Tamil Nadu
CUST00094,Nidhi Bansal,26-06-2022,Rajasthan
CUST00095,Sunil Negi,01-10-2023,West Bengal
CUST00096,Pankaj Mehta,06-06-2022,Tamil Nadu
CUST00097,Arjun Thakur,31-08-2022,Punjab
CUST00098,Ravi Kapoor,22-03-2022,Rajasthan
CUST00099,Gaurav Rawat,20-03-2022,West Bengal
CUST00100,Kunal Gupta,08-01-2022,Uttar Pradesh
CUST00101,Deepak Chauhan,25-02-2023,Rajasthan
CUST00102,Rohan Mishra,26-05-2022,Uttarakhand
CUST00103,Suresh Malhotra,22-01-2022,Gujarat
CUST00104,Kavita Pandey,03-03-2023,Tamil Nadu
CUST00105,Shreya Agarwal,17-06-2023,Delhi
CUST00106,Amit Chauhan,09-01-2022,Tamil Nadu
CUST00107,Ananya Negi,04-12-2022,Uttar Pradesh
CUST00108,Manish Chauhan,07-05-2023,Uttarakhand
CUST00109,Amit Mishra,17-09-2023,Punjab
CUST00110,Gaurav Mishra,09-04-2023,Bihar
CUST00111,Vikas Mishra,21-12-2022,Bihar
CUST00112,Suresh Reddy,08-06-2023,Kerala
CUST00113,Kunal Sharma,03-02-2022,Maharashtra
CUST00114,Pankaj Pandey,23-04-2023,Kerala
CUST00115,Sunil Kapoor,17-11-2023,Gujarat
CUST00116,Ankit Malhotra,11-01-2023,Gujarat
CUST00117,Ankit Iyer,30-04-2022,Uttarakhand
CUST00118,Ravi Malhotra,15-03-2022,Maharashtra
CUST00119,Ravi Agarwal,15-04-2022,Haryana
CUST00120,Neha Joshi,16-06-2023,Madhya Pradesh
CUST00121,Suresh Bansal,04-03-2022,Maharashtra
CUST00122,Rohan Sharma,19-05-2022,Delhi
CUST00123,Alok Thakur,23-11-2023,Haryana
CUST00124,Deepak Rawat,15-01-2022,Maharashtra
CUST00125,Priya Chauhan,13-01-2022,Madhya Pradesh
CUST00126,Rohan Mishra,30-10-2023,Haryana
CUST00127,Kunal Reddy,12-11-2023,Uttar Pradesh
CUST00128,Isha Mehta,24-05-2022,Madhya Pradesh
CUST00129,Manish Mehta,02-06-2023,Karnataka
CUST00130,Rahul Reddy,20-05-2023,Tamil Nadu
CUST00131,Priya Yadav,05-09-2023,Delhi
CUST00132,Pankaj Mishra,15-05-2023,Karnataka
CUST00133,Neha Thakur,02-12-2022,Tamil Nadu
CUST00134,Sakshi Verma,16-03-2023,West Bengal
CUST00135,Ritika Mehta,08-07-2022,Delhi
CUST00136,Ananya Rawat,15-10-2022,Telangana
CUST00137,Sandeep Gupta,19-03-2023,Kerala
CUST00138,Manish Thakur,20-09-2022,Punjab
CUST00139,Neeraj Mishra,23-04-2023,Rajasthan
CUST00140,Arjun Verma,08-08-2022,Maharashtra
CUST00141,Gaurav Bansal,09-05-2022,Kerala
CUST00142,Shreya Malhotra,21-04-2022,Maharashtra
CUST00143,Ravi Verma,21-10-2022,Gujarat
CUST00144,Isha Bansal,15-07-2022,Gujarat
CUST00145,Manish Pandey,03-04-2023,Haryana
CUST00146,Ritika Agarwal,03-04-2023,West Bengal
CUST00147,Aarti Bansal,23-05-2022,Bihar
CUST00148,Alok Agarwal,16-03-2023,Uttar Pradesh
CUST00149,Vikas Malhotra,17-12-2022,Delhi
CUST00150,Sandeep Singh,05-11-2022,Bihar
CUST00151,Ankit Pandey,26-07-2023,Madhya Pradesh
CUST00152,Alok Mehta,25-07-2022,Haryana
CUST00153,Pankaj Iyer,04-10-2023,Punjab
CUST00154,Alok Gupta,23-06-2023,Kerala
CUST00155,Suresh Joshi,16-11-2023,Uttarakhand
CUST00156,Arjun Malhotra,08-02-2022,Delhi
CUST00157,SIMRAN SINGH,23-08-2022,Gujarat
CUST00158,Gaurav Rawat,09-11-2023,Rajasthan
CUST00159,Pooja Verma,09-05-2022,Maharashtra
CUST00160,Isha Iyer,28-12-2022,Uttarakhand
CUST00161,Nidhi Pandey,28-03-2022,Punjab
CUST00162,Kunal Malhotra,08-06-2022,Haryana
CUST00163,Pooja Reddy,05-01-2023,Tamil Nadu
CUST00164,Arjun Gupta,02-05-2023,Gujarat
CUST00165,Deepak Mehta,19-09-2023,Punjab
CUST00166,Pankaj Joshi,12-10-2022,West Bengal
CUST00167,Gaurav Kapoor,14-06-2022,Haryana
CUST00168,Vikas Singh,24-06-2022,Delhi
CUST00169,Pooja Malhotra,27-01-2023,Telangana
CUST00170,Gaurav Singh,19-06-2023,Tamil Nadu
CUST00171,Ritika Reddy,05-02-2022,Telangana
CUST00172,Rahul Reddy,10-08-2022,Kerala
CUST00173,SANDEEP REDDY,30-10-2023,Tamil Nadu
CUST00174,Sunil Yadav,15-12-2022,Uttar Pradesh
CUST00175,Kunal Agarwal,27-10-2022,West Bengal
CUST00176,Isha Mishra,08-11-2022,Rajasthan
CUST00177,Ankit Reddy,12-10-2023,Delhi
CUST00178,Sakshi Bansal,06-12-2022,West Bengal
CUST00179,Rohan Chauhan,12-05-2023,Uttarakhand
CUST00180,Neeraj Malhotra,15-12-2022,Bihar
CUST00181,Ravi Thakur,10-01-2022,Bihar
CUST00182,Kavita Verma,27-07-2022,Telangana
CUST00183,Sandeep Reddy,23-02-2023,Gujarat
CUST00184, Rohan Kapoor ,23-05-2022,Telangana
CUST00185,Neha Chauhan,30-08-2022,Tamil Nadu
CUST00186,Alok Reddy,24-02-2022,Gujarat
CUST00187,Isha Rawat,15-04-2023,West Bengal
CUST00188,Shreya Verma,04-05-2022,Kerala
CUST00189,Sunil Bansal,07-02-2022,Madhya Pradesh
CUST00190,Sandeep Nair,02-09-2022,Telangana
CUST00191,Alok Gupta,21-10-2023,Haryana
CUST00192,Vikas Rawat,03-10-2023,Maharashtra
CUST00193,Kunal Bansal,07-04-2023,Madhya Pradesh
CUST00194,Ananya Mishra,01-04-2022,Maharashtra
CUST00195,Neha Nair,04-08-2023,Punjab
CUST00196,Deepak Nair,29-06-2023,Tamil Nadu
CUST00197,Suresh Verma,21-08-2022,Tamil Nadu
CUST00198,SHREYA MEHTA,29-12-2022,Karnataka
CUST00199,Alok Verma,21-02-2023,Telangana
CUST00200,Arjun Nair,26-02-2023,Karnataka
CUST00201,Rohan Bansal,29-06-2022,Tamil Nadu
CUST00202,Neeraj Agarwal,02-10-2022,Tamil Nadu
CUST00203,Gaurav Mehta,17-02-2022,Tamil Nadu
CUST00204,Rohan Chauhan,17-02-2022,Uttar Pradesh
CUST00205,Sakshi Yadav,06-07-2022,Bihar
CUST00206,Ananya Bansal,22-01-2022,Karnataka
CUST00207,Shreya Iyer,06-11-2022,Uttar Pradesh
CUST00208,Ananya Gupta,14-10-2022,Rajasthan
CUST00209,Sakshi Pandey,22-01-2023,Haryana
CUST00210,Simran Nair,18-09-2022,Uttarakhand
CUST00211,Shreya Pandey,08-11-2023,Madhya Pradesh
CUST00212,Alok Gupta,05-08-2023,Uttarakhand
CUST00213,Ananya Nair,01-08-2023,West Bengal
CUST00214,Neha Negi,02-03-2022,Uttar Pradesh
CUST00215,Neha Thakur,09-06-2023,Uttarakhand
CUST00216,Pankaj Nair,14-11-2022,Punjab
CUST00217,Aarti Mehta,26-06-2023,Madhya Pradesh
CUST00218,Manish Kapoor,02-06-2023,Uttar Pradesh
CUST00219,Ankit Mehta,12-08-2023,Punjab
CUST00220,Mohit Sharma,31-03-2022,Madhya Pradesh
CUST00221,Sunil Singh,05-08-2022,Delhi
CUST00222,Rohan Agarwal,24-06-2023,Karnataka
CUST00223,Rohan Nair,13-11-2022,Tamil Nadu
CUST00224,Shreya Bansal,04-03-2022,Haryana
CUST00225,Ritika Chauhan,02-09-2023,Maharashtra
CUST00226,Alok Mishra,26-01-2022,Rajasthan
CUST00227,Deepak Iyer,28-07-2023,Bihar
CUST00228,Kavita Pandey,20-01-2022,Maharashtra
CUST00229,Isha Verma,22-10-2023,Bihar
CUST00230,Priya Sharma,27-06-2022,Tamil Nadu
CUST00231,Deepak Malhotra,27-10-2022,Gujarat
CUST00232,Ananya Verma,23-09-2023,Telangana
CUST00233,Ankit Sharma,25-06-2023,Kerala
CUST00234,Shreya Rawat,14-06-2023,Tamil Nadu
CUST00235,Simran Bansal,26-01-2023,Madhya Pradesh
CUST00236,Ravi Singh,11-08-2023,Haryana
CUST00237,Gaurav Singh,23-07-2022,Punjab
CUST00238,Pankaj Mehta,05-11-2022,Haryana
CUST00239,Rohan Malhotra,06-05-2023,Tamil Nadu
CUST00240,Sunil Kapoor,13-05-2022,Bihar
CUST00241,Simran Bansal,06-03-2022,Haryana
CUST00242,Pankaj Reddy,01-06-2023,Kerala
CUST00243,Sandeep Agarwal,06-11-2023,Gujarat
CUST00244,Ankit Kapoor,24-01-2023,Punjab
CUST00245,Rahul Gupta,02-10-2023,Bihar
CUST00246,Arjun Yadav,07-01-2022,Karnataka
CUST00247,Ritika Chauhan,26-06-2023,Telangana
CUST00248,Alok Yadav,16-01-2023,Delhi
CUST00249,Nidhi Bansal,20-07-2022,Telangana
CUST00250,Neha Thakur,06-10-2023,West Bengal
CUST00251,NEHA KAPOOR,10-11-2023,Tamil Nadu
CUST00252,Rahul Reddy,22-03-2022,Maharashtra
CUST00253,Neeraj Singh,03-05-2022,Kerala
CUST00254,Rohan Chauhan,01-11-2023,Gujarat
CUST00255,Neeraj Gupta,02-08-2022,Delhi
CUST00256,POOJA YADAV,23-06-2022,West Bengal
CUST00257,Pankaj Verma,19-11-2022,Uttarakhand
CUST00258,Ravi Rawat,06-12-2022,Madhya Pradesh
CUST00259,Simran Bansal,03-11-2023,Madhya Pradesh
CUST00260,Manish Reddy,06-09-2023,Maharashtra
CUST00261,Kunal Kapoor,27-10-2023,Gujarat
CUST00262,Alok Negi,24-05-2023,Kerala
CUST00263,Isha Malhotra,03-11-2023,Rajasthan
CUST00264,RAHUL PANDEY,17-08-2022,Maharashtra
CUST00265,Pankaj Reddy,30-03-2022,Delhi
CUST00266,Ananya Pandey,12-07-2022,Bihar
CUST00267,Arjun Mehta,08-06-2022,Uttarakhand
CUST00268,Sakshi Yadav,02-04-2023,Madhya Pradesh
CUST00269,ANANYA CHAUHAN,18-08-2022,Delhi
CUST00270,Rohan Mehta,17-03-2022,Rajasthan
CUST00271,Kavita Negi,09-02-2022,Telangana
CUST00272,Ravi Bansal,26-12-2022,Maharashtra
CUST00273,Suresh Sharma,03-09-2023,Delhi
CUST00274,Simran Sharma,14-10-2023,Karnataka
CUST00275,Ananya Bansal,01-04-2022,Karnataka
CUST00276,Ritika Thakur,03-05-2022,Telangana
CUST00277,Neha Bansal,04-02-2023,Uttar Pradesh
CUST00278,Ankit Malhotra,20-12-2022,West Bengal
CUST00279,Vikas Yadav,28-07-2023,Uttar Pradesh
CUST00280,Sandeep Thakur,10-10-2023,Tamil Nadu
CUST00281,Aarti Agarwal,16-07-2023,Bihar
CUST00282,Alok Reddy,17-03-2022,Rajasthan
CUST00283,Kavita Verma,21-08-2022,Karnataka
CUST00284,Shreya Mehta,05-01-2023,Uttarakhand
CUST00285,Sunil Verma,17-04-2023,Tamil Nadu
CUST00286,Arjun Sharma,26-02-2022,Maharashtra
CUST00287,Ankit Bansal,21-01-2023,Uttar Pradesh
CUST00288,Ritika Verma,26-08-2023,Madhya Pradesh
CUST00289,Nidhi Mehta,16-02-2022,Haryana
CUST00290,Rahul Agarwal,05-08-2022,West Bengal
CUST00291,Arjun Malhotra,10-03-2023,West Bengal
CUST00292,Pooja Iyer,11-04-2022,Kerala
CUST00293,Rohan Negi,27-12-2022,Madhya Pradesh
CUST00294,Ananya Mishra,03-05-2022,Telangana
CUST00295,Neha Pandey,29-08-2023,Haryana
CUST00296,Pooja Singh,11-01-2023,Rajasthan
CUST00297,Mohit Nair,03-10-2022,Gujarat
CUST00298,Kavita Yadav,05-09-2022,Bihar
CUST00299,Amit Joshi,20-05-2022,Madhya Pradesh
CUST00300,Suresh Bansal,23-09-2023,Rajasthan
CUST00301,Neha Kapoor,07-01-2023,Haryana
CUST00302,Neeraj Pandey,07-10-2022,Maharashtra
CUST00303,Kavita Joshi,19-07-2023,Uttarakhand
CUST00304,Gaurav Bansal,18-04-2023,Madhya Pradesh
CUST00305,Ritika Yadav,25-08-2022,Delhi
CUST00306,Sakshi Nair,31-03-2022,Uttarakhand
CUST00307,Shreya Agarwal,20-09-2023,Karnataka
CUST00308,Sakshi Mehta,02-10-2022,Karnataka
CUST00309,Pooja Joshi,18-05-2022,Madhya Pradesh
CUST00310,Ravi Bansal,22-03-2022,Madhya Pradesh
CUST00311,Simran Yadav,04-07-2023,Delhi
CUST00312,Alok Thakur,12-01-2023,Telangana
CUST00313,Vikas Mehta,07-01-2023,Maharashtra
CUST00314,Alok Reddy,07-10-2022,Rajasthan
CUST00315,Kunal Kapoor,12-10-2022,Maharashtra
CUST00316,Alok Singh,15-07-2022,Uttar Pradesh
CUST00317,Neeraj Chauhan,15-03-2023,West Bengal
CUST00318,Kunal Mehta,15-05-2023,Madhya Pradesh
CUST00319,Priya Gupta,15-04-2022,Uttarakhand
CUST00320,Deepak Bansal,20-04-2023,Gujarat
CUST00321,Gaurav Mehta,06-09-2023,Karnataka
CUST00322,Neeraj Mehta,09-03-2022,Punjab
CUST00323,NIDHI RAWAT,15-09-2023,Punjab
CUST00324,Aarti Malhotra,07-02-2022,Kerala
CUST00325,Manish Thakur,23-07-2023,Uttar Pradesh
CUST00326,Kavita Nair,11-01-2022,Gujarat
CUST00327,Ananya Thakur,08-01-2022,Gujarat
CUST00328,Vikas Malhotra,25-09-2023,Haryana
CUST00329,Mohit Nair,13-08-2023,Kerala
CUST00330,Priya Agarwal,14-03-2023,Uttar Pradesh
CUST00331,Ananya Thakur,28-09-2022,Telangana
CUST00332,Suresh Joshi,20-06-2022,Gujarat
CUST00333,Vikas Joshi,30-11-2023,Kerala
CUST00334,Ravi Singh,06-08-2022,Delhi
CUST00335,Vikas Reddy,21-09-2022,West Bengal
CUST00336,Amit Gupta,21-03-2023,Madhya Pradesh
CUST00337,Sunil Mehta,29-01-2022,Delhi
CUST00338,Alok Iyer,18-10-2022,Tamil Nadu
CUST00339,Isha Reddy,07-01-2022,Tamil Nadu
CUST00340,Isha Verma,14-03-2023,Gujarat
CUST00341,Sandeep Sharma,21-11-2022,Tamil Nadu
CUST00342,Sakshi Rawat,18-12-2022,West Bengal
CUST00343,Rahul Pandey,27-12-2022,Telangana
CUST00344,Priya Pandey,15-07-2023,Delhi
CUST00345,Sakshi Agarwal,07-12-2022,Punjab
CUST00346,Alok Chauhan,02-07-2022,Tamil Nadu
CUST00347,Pooja Iyer,26-01-2023,Haryana
CUST00348,Rahul Thakur,14-03-2023,Uttarakhand
CUST00349,Pooja Iyer,26-11-2022,Punjab
CUST00350,Arjun Nair,14-10-2022,Rajasthan
CUST00351,Nidhi Chauhan,20-05-2022,Gujarat
CUST00352,Isha Thakur,31-01-2023,Telangana
CUST00353,Gaurav Malhotra,06-09-2022,Gujarat
CUST00354,Rahul Gupta,01-09-2022,Bihar
CUST00355,Sandeep Gupta,26-04-2023,Uttarakhand
CUST00356,Gaurav Sharma,19-06-2023,Gujarat
CUST00357,Sakshi Singh,16-09-2022,Uttarakhand
CUST00358,Priya Pandey,23-02-2022,Gujarat
CUST00359,Pankaj Negi,19-01-2022,Tamil Nadu
CUST00360,Kavita Mishra,17-08-2023,Maharashtra
CUST00361,Amit Gupta,28-04-2022,West Bengal
CUST00362,Manish Verma,09-05-2023,Kerala
CUST00363,Gaurav Sharma,07-11-2023,Karnataka
CUST00364,Pankaj Verma,02-05-2022,Madhya Pradesh
CUST00365,Manish Yadav,07-04-2023,Haryana
CUST00366,Kunal Pandey,02-04-2022,Delhi
CUST00367,Suresh Iyer,28-11-2023,Delhi
CUST00368,Simran Mehta,06-05-2023,Telangana
CUST00369,Ananya Rawat,20-03-2022,West Bengal
CUST00370,Priya Reddy,15-03-2022,Karnataka
CUST00371, SUNIL NAIR ,28-06-2023,Bihar
CUST00372,Nidhi Malhotra,21-11-2022,Punjab
CUST00373,Neha Chauhan,12-01-2023,West Bengal
CUST00374,Deepak Pandey,10-10-2022,Karnataka
CUST00375,Neeraj Rawat,29-05-2023,Madhya Pradesh
CUST00376, Rahul Mishra ,27-03-2022,Bihar
CUST00377,Isha Nair,28-03-2022,Telangana
CUST00378,Amit Nair,03-08-2022,Maharashtra
CUST00379,Kavita Sharma,12-09-2022,Madhya Pradesh
CUST00380,Vikas Gupta,24-01-2023,Madhya Pradesh
CUST00381,Amit Gupta,26-11-2023,West Bengal
CUST00382,Ankit Thakur,21-08-2022,Haryana
CUST00383,Arjun Mehta,20-08-2023,Kerala
CUST00384,Deepak Thakur,15-06-2023,Karnataka
CUST00385,Alok Kapoor,06-02-2023,Rajasthan
CUST00386,Deepak Negi,23-09-2023,Telangana
CUST00387,Deepak Negi,25-06-2023,Haryana
CUST00388,Priya Singh,26-12-2022,Uttarakhand
CUST00389,Alok Iyer,25-10-2023,Madhya Pradesh
CUST00390,Arjun Singh,10-06-2023,Maharashtra
CUST00391,Nidhi Mehta,23-03-2022,Uttarakhand
CUST00392,Rohan Singh,20-07-2022,West Bengal
CUST00393,Neeraj Chauhan,30-03-2022,Uttar Pradesh
CUST00394,Mohit Thakur,07-03-2022,Tamil Nadu
CUST00395,Kunal Singh,30-08-2023,Punjab
CUST00396,Rohan Verma,23-08-2023,Bihar
CUST00397,Simran Sharma,20-11-2022,Punjab
CUST00398,Deepak Reddy,26-01-2023,Gujarat
CUST00399,Rahul Singh,12-05-2022,Karnataka
CUST00400,Pankaj Mishra,16-02-2023,Delhi
CUST00401,Aarti Verma,23-07-2023,Bihar
CUST00402,Pankaj Gupta,02-09-2023,Kerala
CUST00403,Ravi Mishra,09-10-2023,Maharashtra
CUST00404,Ankit Joshi,29-06-2023,Karnataka
CUST00405,Priya Mehta,24-11-2022,Karnataka
CUST00406,Amit Agarwal,06-01-2022,Bihar
CUST00407,Kunal Sharma,25-12-2022,Haryana
CUST00408,Alok Negi,09-07-2023,Kerala
CUST00409,Amit Sharma,02-03-2023,Telangana
CUST00410,Aarti Kapoor,27-04-2022,Madhya Pradesh
CUST00411,Kunal Singh,30-09-2022,Telangana
CUST00412,Ananya Verma,04-01-2022,Tamil Nadu
CUST00413, Neha Pandey ,16-03-2022,Kerala
CUST00414,Suresh Sharma,09-05-2022,West Bengal
CUST00415,Pooja Rawat,27-04-2023,Maharashtra
CUST00416,Aarti Bansal,02-11-2022,West Bengal
CUST00417,Sakshi Bansal,06-12-2022,West Bengal
CUST00418,Ritika Reddy,16-06-2022,Punjab
CUST00419,Priya Verma,17-10-2023,Tamil Nadu
CUST00420,Rohan Chauhan,03-10-2022,Kerala
CUST00421,Nidhi Joshi,26-06-2023,Karnataka
CUST00422,Isha Mehta,01-12-2022,Punjab
CUST00423,Alok Mishra,05-03-2023,Madhya Pradesh
CUST00424,Aarti Malhotra,28-11-2022,Uttarakhand
CUST00425,Deepak Thakur,26-11-2022,Tamil Nadu
CUST00426,Deepak Joshi,17-06-2022,Madhya Pradesh
CUST00427,Amit Verma,17-08-2022,Karnataka
CUST00428,Simran Chauhan,05-10-2023,Delhi
CUST00429,Priya Joshi,16-10-2023,Haryana
CUST00430,Ananya Mehta,29-07-2023,Bihar
CUST00431, Sunil Malhotra ,02-12-2022,Rajasthan
CUST00432,Nidhi Chauhan,13-02-2023,Uttarakhand
CUST00433,Suresh Kapoor,07-04-2023,Bihar
CUST00434,Pankaj Gupta,01-09-2022,Gujarat
CUST00435,Manish Mehta,13-08-2022,Bihar
CUST00436,Ankit Bansal,01-05-2022,Uttar Pradesh
CUST00437,Mohit Pandey,11-07-2022,Delhi
CUST00438,Priya Sharma,27-10-2022,Uttarakhand
CUST00439, Gaurav Chauhan ,03-11-2023,Telangana
CUST00440,Priya Malhotra,25-09-2023,Telangana
CUST00441,Arjun Thakur,17-06-2023,Madhya Pradesh
CUST00442,Arjun Singh,14-09-2023,West Bengal
CUST00443,Sandeep Yadav,31-10-2022,West Bengal
CUST00444,Pankaj Verma,13-09-2023,West Bengal
CUST00445,Sandeep Kapoor,08-04-2022,Uttar Pradesh
CUST00446,Alok Reddy,02-04-2023,Kerala
CUST00447,Simran Kapoor,19-09-2023,Madhya Pradesh
CUST00448,Sunil Malhotra,11-01-2022,Tamil Nadu
CUST00449,ALOK THAKUR,12-05-2023,Punjab
CUST00450,Mohit Negi,12-05-2022,Gujarat
CUST00451,Amit Rawat,19-02-2023,Maharashtra
CUST00452,Kunal Reddy,01-05-2023,Uttarakhand
CUST00453,Amit Chauhan,17-02-2022,Madhya Pradesh
CUST00454,Suresh Rawat,08-12-2022,Delhi
CUST00455,Arjun Mehta,22-09-2022,Uttarakhand
CUST00456,Aarti Verma,26-02-2023,West Bengal
CUST00457,Shreya Pandey,09-02-2023,Uttarakhand
CUST00458,Alok Negi,21-02-2022,Tamil Nadu
CUST00459,Suresh Bansal,07-02-2023,Punjab
CUST00460,Rahul Nair,21-03-2023,Uttar Pradesh
CUST00461,Nidhi Reddy,05-02-2023,Delhi
CUST00462,Ravi Joshi,07-03-2022,Rajasthan
CUST00463,Rohan Rawat,18-10-2023,Madhya Pradesh
CUST00464,Arjun Mishra,31-05-2023,Delhi
CUST00465,Deepak Rawat,07-07-2023,Delhi
CUST00466,Kunal Nair,21-05-2022,Punjab
CUST00467,Shreya Iyer,15-03-2023,Haryana
CUST00468,Pankaj Reddy,02-10-2023,Maharashtra
CUST00469,Manish Chauhan,11-03-2022,Bihar
CUST00470,Simran Gupta,11-11-2022,Madhya Pradesh
CUST00471,Shreya Pandey,25-08-2022,Uttarakhand
CUST00472,Neeraj Iyer,21-09-2023,Punjab
CUST00473,Priya Pandey,29-11-2023,Haryana
CUST00474,Kavita Kapoor,12-10-2023,Tamil Nadu
CUST00475,Alok Gupta,19-03-2023,Maharashtra
CUST00476,Sunil Mehta,05-01-2023,Tamil Nadu
CUST00477,Amit Pandey,06-08-2023,Tamil Nadu
CUST00478,Arjun Thakur,24-05-2022,Delhi
CUST00479,Priya Joshi,26-08-2023,Madhya Pradesh
CUST00480,Neeraj Bansal,08-04-2023,Maharashtra
CUST00481,Gaurav Sharma,14-03-2022,Bihar
CUST00482,Arjun Reddy,15-07-2022,Delhi
CUST00483,Suresh Nair,04-03-2023,Karnataka
CUST00484,Vikas Kapoor,09-03-2023,Rajasthan
CUST00485,Pankaj Mishra,19-02-2023,Delhi
CUST00486,Pankaj Gupta,02-11-2023,Maharashtra
CUST00487,Pooja Kapoor,06-07-2023,Uttarakhand
CUST00488,Neeraj Singh,17-01-2022,Madhya Pradesh
CUST00489,Mohit Singh,06-02-2022,Madhya Pradesh
CUST00490,Sakshi Gupta,20-06-2022,Haryana
CUST00491,Nidhi Chauhan,11-06-2022,Punjab
CUST00492,Deepak Sharma,19-09-2022,Uttarakhand
CUST00493,Shreya Nair,09-08-2022,Uttar Pradesh
CUST00494,Pankaj Chauhan,12-04-2023,Delhi
CUST00495,Kavita Chauhan,18-06-2023,Rajasthan
CUST00496,Pooja Agarwal,15-04-2022,Madhya Pradesh
CUST00497,Suresh Singh,22-08-2022,Karnataka
CUST00498,Pooja Agarwal,10-10-2023,Telangana
CUST00499,Suresh Chauhan,14-08-2023,Uttarakhand
CUST00500,Alok Sharma,21-04-2022,Karnataka
CUST00501,MANISH PANDEY,02-11-2023,Tamil Nadu
CUST00502,Neeraj Reddy,14-01-2022,Bihar
CUST00503,Nidhi Kapoor,14-07-2023,Uttarakhand
CUST00504,Pankaj Thakur,06-02-2022,Delhi
CUST00505,Ritika Bansal,29-06-2022,Maharashtra
CUST00506,Suresh Sharma,11-10-2022,Uttar Pradesh
CUST00507,Deepak Mishra,29-04-2022,Karnataka
CUST00508,Ananya Mishra,05-08-2022,Uttarakhand
CUST00509,Pooja Thakur,22-08-2022,Punjab
CUST00510,Neeraj Agarwal,23-08-2023,Punjab
CUST00511,Isha Reddy,19-04-2022,Haryana
CUST00512,Isha Mehta,05-03-2022,Delhi
CUST00513,Kavita Bansal,05-02-2023,Delhi
CUST00514,Kavita Rawat,02-09-2022,Uttarakhand
CUST00515,Kunal Nair,15-07-2023,Punjab
CUST00516,Suresh Joshi,18-04-2022,Uttarakhand
CUST00517,Rohan Gupta,25-06-2022,Haryana
CUST00518,Sakshi Mishra,27-09-2022,Tamil Nadu
CUST00519,Mohit Pandey,19-11-2022,Delhi
CUST00520,Simran Verma,28-04-2022,Punjab
CUST00521,Pankaj Negi,16-09-2022,Haryana
CUST00522,Ananya Joshi,31-05-2022,West Bengal
CUST00523,Sandeep Yadav,06-03-2023,Kerala
CUST00524,ALOK KAPOOR,18-03-2022,Kerala
CUST00525,Pankaj Agarwal,12-09-2022,Maharashtra
CUST00526,Mohit Reddy,18-10-2023,Telangana
CUST00527,Pooja Malhotra,04-11-2023,Delhi
CUST00528,Isha Singh,25-10-2022,Delhi
CUST00529,Aarti Verma,06-04-2022,Uttar Pradesh
CUST00530,Simran Reddy,11-12-2022,Delhi
CUST00531,Amit Reddy,26-08-2022,Punjab
CUST00532,Manish Pandey,05-03-2022,Telangana
CUST00533,Kavita Bansal,19-04-2022,Tamil Nadu
CUST00534,Kavita Pandey,13-05-2022,Karnataka
CUST00535,Ankit Reddy,12-04-2022,Karnataka
CUST00536,Kavita Pandey,04-11-2022,Bihar
CUST00537,Simran Singh,08-10-2022,Bihar
CUST00538,Vikas Reddy,02-10-2022,Bihar
CUST00539,Vikas Bansal,22-02-2022,Punjab
CUST00540,Kavita Malhotra,04-10-2023,Gujarat
CUST00541,Ravi Yadav,06-10-2022,Punjab
CUST00542,SUNIL KAPOOR,18-01-2022,Tamil Nadu
CUST00543,Kavita Joshi,17-09-2022,Haryana
CUST00544,Arjun Rawat,11-06-2023,Madhya Pradesh
CUST00545,Priya Verma,10-02-2023,Uttar Pradesh
CUST00546,Suresh Nair,19-02-2022,Delhi
CUST00547,Priya Nair,30-08-2022,Gujarat
CUST00548,Alok Negi,15-06-2022,Uttarakhand
CUST00549,Priya Nair,09-11-2022,Punjab
CUST00550,Ravi Yadav,03-03-2023,West Bengal
CUST00551,Arjun Agarwal,17-06-2022,Madhya Pradesh
CUST00552,Ritika Thakur,03-10-2022,Uttar Pradesh
CUST00553,Sakshi Kapoor,05-09-2022,West Bengal
CUST00554,Mohit Negi,24-10-2022,Rajasthan
CUST00555,Kunal Bansal,02-04-2022,Maharashtra
CUST00556,Neha Agarwal,12-12-2022,Haryana
CUST00557,Alok Rawat,03-07-2022,Maharashtra
CUST00558,ROHAN CHAUHAN,07-07-2022,Maharashtra
CUST00559,Shreya Kapoor,19-09-2022,Karnataka
CUST00560,Neha Reddy,13-06-2022,Karnataka
CUST00561, Sandeep Yadav ,24-01-2023,Haryana
CUST00562,Gaurav Joshi,28-05-2023,Uttarakhand
CUST00563,Rohan Agarwal,08-08-2022,Madhya Pradesh
CUST00564,Sakshi Rawat,16-08-2023,Uttarakhand
CUST00565,Sakshi Kapoor,02-06-2023,Gujarat
CUST00566,Manish Chauhan,02-05-2023,Karnataka
CUST00567, Arjun Mishra ,08-07-2022,Bihar
CUST00568,Alok Nair,25-11-2022,Delhi
CUST00569,Shreya Joshi,04-03-2023,Uttar Pradesh
CUST00570,Amit Mehta,21-05-2023,Tamil Nadu
CUST00571,Arjun Chauhan,31-10-2022,Tamil Nadu
CUST00572,Shreya Nair,04-12-2022,Delhi
CUST00573,Neha Gupta,05-08-2022,Bihar
CUST00574,Manish Agarwal,07-04-2023,Karnataka
CUST00575,Suresh Negi,18-02-2022,Madhya Pradesh
CUST00576,Alok Sharma,04-05-2023,Maharashtra
CUST00577,Neeraj Sharma,26-04-2023,Uttar Pradesh
CUST00578,Gaurav Rawat,12-02-2022,Gujarat
CUST00579,Vikas Agarwal,02-09-2022,Rajasthan
CUST00580,Suresh Verma,10-06-2023,Karnataka
CUST00581,Neeraj Agarwal,25-02-2022,Uttar Pradesh
CUST00582,Mohit Nair,27-04-2023,West Bengal
CUST00583,Shreya Malhotra,10-09-2023,Maharashtra
CUST00584,Manish Mehta,09-05-2022,Gujarat
CUST00585,Simran Negi,27-12-2022,Uttarakhand
CUST00586,Amit Kapoor,07-08-2023,Gujarat
CUST00587,Priya Pandey,25-07-2023,Gujarat
CUST00588,Neeraj Yadav,20-04-2023,Tamil Nadu
CUST00589,Rahul Mehta,20-02-2022,Rajasthan
CUST00590,Sandeep Reddy,02-03-2023,Rajasthan
CUST00591,Aarti Mehta,23-01-2023,Tamil Nadu
CUST00592,Pooja Pandey,30-04-2023,Kerala
CUST00593,Ankit Rawat,01-08-2023,Uttarakhand
CUST00594,Shreya Sharma,13-02-2023,Uttarakhand
CUST00595,Pankaj Iyer,02-12-2022,Telangana
CUST00596,Arjun Sharma,20-04-2022,Uttarakhand
CUST00597,Kunal Malhotra,30-07-2022,Punjab
CUST00598,Rahul Kapoor,22-04-2022,Madhya Pradesh
CUST00599,Deepak Rawat,22-06-2023,Karnataka
CUST00600,Pankaj Negi,24-03-2023,Haryana
CUST00601,Amit Sharma,07-03-2023,Madhya Pradesh
CUST00602,Suresh Reddy,25-07-2023,West Bengal
CUST00603,Manish Sharma,07-03-2023,Rajasthan
CUST00604,Ankit Thakur,11-06-2022,Rajasthan
CUST00605,Mohit Bansal,17-02-2023,Bihar
CUST00606,Rohan Nair,28-03-2022,Gujarat
CUST00607, Kunal Mishra ,27-03-2022,Kerala
CUST00608,Ananya Iyer,13-12-2022,Kerala
CUST00609,Manish Yadav,25-02-2023,Uttar Pradesh
CUST00610, Sunil Negi ,22-03-2023,Karnataka
CUST00611,Ritika Mehta,14-04-2023,Bihar
CUST00612,Deepak Negi,22-11-2022,Karnataka
CUST00613,Ritika Negi,28-12-2022,Haryana
CUST00614,Pooja Rawat,01-03-2023,West Bengal
CUST00615,Simran Verma,24-04-2023,Bihar
CUST00616,Deepak Gupta,05-11-2023,Uttarakhand
CUST00617,Sandeep Chauhan,12-01-2022,Karnataka
CUST00618,Nidhi Agarwal,03-10-2023,Kerala
CUST00619,Isha Kapoor,28-05-2022,Uttar Pradesh
CUST00620,Mohit Sharma,09-07-2023,Kerala
CUST00621,Ankit Iyer,24-08-2023,Punjab
CUST00622,Kunal Mehta,26-05-2022,Delhi
CUST00623,Deepak Singh,20-05-2023,Tamil Nadu
CUST00624,Neeraj Joshi,19-08-2023,Gujarat
CUST00625,Amit Reddy,20-01-2022,Haryana
CUST00626,Arjun Kapoor,10-07-2023,Bihar
CUST00627,Isha Pandey,24-02-2022,Telangana
CUST00628,Priya Malhotra,12-09-2023,Haryana
CUST00629,Ritika Reddy,04-09-2023,Bihar
CUST00630,Ravi Malhotra,25-04-2022,Delhi
CUST00631,Kavita Pandey,09-08-2023,Kerala
CUST00632,Deepak Mishra,07-09-2022,Delhi
CUST00633,Arjun Rawat,11-01-2022,Gujarat
CUST00634,Alok Gupta,26-05-2023,Gujarat
CUST00635,Sakshi Sharma,24-01-2022,Gujarat
CUST00636,Aarti Mehta,05-10-2023,Uttarakhand
CUST00637,Ravi Reddy,03-09-2022,Uttar Pradesh
CUST00638,Nidhi Negi,17-06-2023,Bihar
CUST00639,Neeraj Gupta,27-07-2023,West Bengal
CUST00640,Sandeep Agarwal,22-07-2023,Uttar Pradesh
CUST00641,Ananya Mishra,04-10-2023,Uttar Pradesh
CUST00642,Priya Rawat,17-08-2023,Uttarakhand
CUST00643,Rahul Kapoor,27-01-2023,Uttarakhand
CUST00644,Ankit Mishra,16-02-2023,Gujarat
CUST00645,Rohan Pandey,18-10-2022,Rajasthan
CUST00646,Rahul Singh,02-11-2022,Haryana
CUST00647,Alok Yadav,26-11-2023,Haryana
CUST00648,Rohan Kapoor,31-10-2023,Tamil Nadu
CUST00649,Vikas Malhotra,20-07-2023,Delhi
CUST00650,Alok Nair,10-05-2022,Madhya Pradesh
CUST00651,Kunal Chauhan,09-10-2023,Gujarat
CUST00652,Sandeep Reddy,21-05-2022,Punjab
CUST00653,Shreya Nair,15-05-2022,Karnataka
CUST00654,Gaurav Joshi,21-07-2023,Telangana
CUST00655,Nidhi Pandey,08-01-2022,Maharashtra
CUST00656,Rohan Sharma,10-09-2022,Telangana
CUST00657,Alok Mehta,07-04-2023,Delhi
CUST00658,Ravi Gupta,04-03-2023,Telangana
CUST00659,Amit Nair,24-02-2023,Bihar
CUST00660,Kunal Chauhan,19-01-2023,Uttarakhand
CUST00661,Kunal Pandey,31-03-2022,Rajasthan
CUST00662,Shreya Iyer,08-04-2023,Kerala
CUST00663,Simran Pandey,14-08-2022,Delhi
CUST00664,Isha Nair,29-08-2022,Uttar Pradesh
CUST00665,Aarti Verma,25-06-2022,Haryana
CUST00666,Ravi Mehta,12-02-2022,Uttarakhand
CUST00667,Pooja Gupta,02-03-2022,Bihar
CUST00668,Rahul Chauhan,26-01-2023,Karnataka
CUST00669,Simran Malhotra,25-02-2022,Haryana
CUST00670,Alok Rawat,11-01-2023,Maharashtra
CUST00671, Pooja Thakur ,11-11-2022,Karnataka
CUST00672,Rahul Singh,27-01-2022,Telangana
CUST00673,Sakshi Reddy,13-10-2023,Delhi
CUST00674,Ananya Mishra,19-07-2023,Maharashtra
CUST00675, Simran Agarwal ,15-03-2023,Uttar Pradesh
CUST00676,Amit Mishra,12-09-2022,Telangana
CUST00677,Gaurav Verma,07-12-2022,Haryana
CUST00678,Ankit Verma,20-12-2022,Kerala
CUST00679,Shreya Rawat,10-02-2023,Bihar
CUST00680,Simran Iyer,04-03-2022,Telangana
CUST00681,Ankit Singh,25-11-2022,Punjab
CUST00682,Sunil Verma,06-05-2022,Tamil Nadu
CUST00683,Pooja Verma,03-07-2022,Uttarakhand
CUST00684,Ritika Thakur,12-08-2022,Uttarakhand
CUST00685,NEHA SINGH,02-01-2022,Rajasthan
CUST00686,Neha Joshi,14-09-2023,Uttarakhand
CUST00687,Aarti Joshi,27-10-2022,Haryana
CUST00688,Arjun Kapoor,31-10-2023,Maharashtra
CUST00689,Shreya Reddy,16-04-2022,Punjab
CUST00690,Amit Agarwal,17-06-2022,Telangana
CUST00691,Ravi Malhotra,20-04-2023,Uttar Pradesh
CUST00692,Sandeep Joshi,02-04-2022,Bihar
CUST00693,Kavita Chauhan,10-02-2023,Bihar
CUST00694, Ritika Iyer ,20-05-2023,Delhi
CUST00695,Priya Mishra,03-08-2022,Maharashtra
CUST00696,Neha Bansal,05-04-2023,Uttarakhand
CUST00697,Aarti Reddy,29-10-2022,Rajasthan
CUST00698,Manish Chauhan,03-04-2022,Gujarat
CUST00699,Amit Chauhan,07-03-2022,Uttar Pradesh
CUST00700,Mohit Rawat,03-10-2023,Bihar
CUST00701,Arjun Gupta,28-09-2023,Madhya Pradesh
CUST00702,Vikas Bansal,07-09-2023,Punjab
CUST00703,NEHA MEHTA,03-07-2023,Delhi
CUST00704,Sandeep Sharma,23-05-2023,Haryana
CUST00705,Pankaj Nair,05-11-2023,Rajasthan
CUST00706,Neha Gupta,20-06-2023,Gujarat
CUST00707,Nidhi Malhotra,16-11-2023,Gujarat
CUST00708,Suresh Nair,23-09-2023,Rajasthan
CUST00709, Deepak Gupta ,03-10-2022,Tamil Nadu
CUST00710,Isha Bansal,17-05-2022,Punjab
CUST00711,Kavita Thakur,26-09-2022,Telangana
CUST00712,Gaurav Reddy,13-03-2023,Bihar
CUST00713, Simran Mehta ,26-04-2022,Bihar
CUST00714,Pankaj Reddy,09-08-2022,Uttar Pradesh
CUST00715,Kavita Thakur,28-04-2023,Uttar Pradesh
CUST00716,Ravi Nair,09-05-2023,Telangana
CUST00717,Nidhi Yadav,04-08-2023,Punjab
CUST00718,Pankaj Malhotra,19-04-2023,Rajasthan
CUST00719,Simran Thakur,26-04-2022,Haryana
CUST00720,Neha Verma,30-10-2023,Karnataka
CUST00721,Rahul Malhotra,29-08-2023,Tamil Nadu
CUST00722,Isha Sharma,01-12-2022,Uttarakhand
CUST00723,Rahul Yadav,25-11-2023,Tamil Nadu
CUST00724,Arjun Nair,23-03-2023,Maharashtra
CUST00725,Vikas Bansal,11-10-2023,Punjab
CUST00726,Rahul Verma,24-05-2022,Bihar
CUST00727,Deepak Nair,24-10-2022,West Bengal
CUST00728,Arjun Thakur,29-12-2022,Rajasthan
CUST00729,Neha Nair,16-02-2022,Telangana
CUST00730, Nidhi Mehta ,20-01-2023,West Bengal
CUST00731,Shreya Reddy,19-04-2022,Rajasthan
CUST00732,Kavita Rawat,19-12-2022,Uttar Pradesh
CUST00733,Deepak Pandey,01-02-2022,Bihar
CUST00734,Ritika Iyer,04-02-2023,Madhya Pradesh
CUST00735,Priya Singh,13-12-2022,Haryana
CUST00736,Pankaj Pandey,11-04-2022,Rajasthan
CUST00737,Sakshi Agarwal,30-08-2023,Rajasthan
CUST00738,Neha Malhotra,06-06-2022,West Bengal
CUST00739,Sunil Bansal,22-07-2022,Telangana
CUST00740,Shreya Mishra,23-12-2022,Haryana
CUST00741,Pooja Gupta,21-05-2023,Maharashtra
CUST00742,Aarti Kapoor,30-10-2022,Kerala
CUST00743, Deepak Negi ,03-07-2023,Kerala
CUST00744,Alok Verma,07-04-2023,Delhi
CUST00745,Aarti Sharma,25-08-2022,Karnataka
CUST00746,Simran Nair,28-02-2023,Uttar Pradesh
CUST00747,Arjun Thakur,25-01-2022,Karnataka
CUST00748,Shreya Yadav,02-04-2023,Telangana
CUST00749,Suresh Mishra,02-06-2022,Maharashtra
CUST00750,Sunil Singh,07-10-2022,Gujarat
CUST00751,Sandeep Chauhan,26-10-2023,Uttar Pradesh
CUST00752,Gaurav Thakur,12-12-2022,Karnataka
CUST00753,Sandeep Rawat,28-07-2022,Karnataka
CUST00754,Ananya Chauhan,10-03-2022,Gujarat
CUST00755,Aarti Pandey,29-09-2022,Rajasthan
CUST00756,Isha Joshi,09-05-2023,Madhya Pradesh
CUST00757,Sakshi Nair,29-11-2023,Punjab
CUST00758,Kunal Agarwal,19-08-2023,Delhi
CUST00759,Neha Sharma,17-10-2022,Gujarat
CUST00760,Deepak Thakur,10-09-2022,Uttarakhand
CUST00761,Vikas Kapoor,13-01-2023,Delhi
CUST00762,Alok Malhotra,17-02-2022,Punjab
CUST00763,Ananya Chauhan,31-10-2022,West Bengal
CUST00764,SIMRAN AGARWAL,08-09-2022,Maharashtra
CUST00765,Vikas Kapoor,18-06-2023,Uttarakhand
CUST00766,Deepak Mishra,03-07-2022,Bihar
CUST00767,Neha Singh,21-08-2022,West Bengal
CUST00768,Kavita Verma,06-01-2022,Uttar Pradesh
CUST00769,Kunal Agarwal,09-10-2023,Punjab
CUST00770,Sakshi Nair,12-07-2022,Madhya Pradesh
CUST00771,Ankit Kapoor,15-03-2022,Delhi
CUST00772,Pooja Mishra,23-08-2023,Bihar
CUST00773,Suresh Agarwal,17-06-2023,Madhya Pradesh
CUST00774,Pankaj Reddy,29-11-2023,Maharashtra
CUST00775,Alok Thakur,04-07-2022,Madhya Pradesh
CUST00776,Kavita Thakur,03-09-2022,Uttarakhand
CUST00777,SANDEEP VERMA,12-02-2023,West Bengal
CUST00778,Alok Singh,24-12-2022,Tamil Nadu
CUST00779,Nidhi Thakur,28-10-2022,Gujarat
CUST00780,Ankit Singh,06-10-2023,Rajasthan
CUST00781,Pooja Sharma,22-09-2023,Telangana
CUST00782,Aarti Kapoor,15-08-2023,Uttar Pradesh
CUST00783,Sunil Yadav,17-11-2022,West Bengal
CUST00784,Aarti Chauhan,22-01-2022,Telangana
CUST00785,Pooja Sharma,25-06-2022,Bihar
CUST00786,Simran Gupta,04-07-2022,Gujarat
CUST00787,Neeraj Agarwal,17-02-2022,Maharashtra
CUST00788,Alok Reddy,31-01-2023,Maharashtra
CUST00789,POOJA PANDEY,08-12-2022,Uttarakhand
CUST00790,Shreya Verma,14-09-2022,Kerala
CUST00791,Mohit Verma,18-09-2023,Delhi
CUST00792,Arjun Iyer,20-05-2022,Gujarat
CUST00793,Isha Gupta,15-05-2022,Telangana
CUST00794,Kunal Reddy,15-12-2022,Uttar Pradesh
CUST00795,Aarti Yadav,04-08-2022,Haryana
CUST00796,Gaurav Yadav,05-02-2023,Haryana
CUST00797,Vikas Malhotra,26-02-2023,Haryana
CUST00798,Sakshi Iyer,13-02-2022,Punjab
CUST00799,Ravi Sharma,23-12-2022,Haryana
CUST00800,Amit Mishra,03-06-2022,Uttar Pradesh
CUST00801,Neeraj Pandey,04-05-2023,West Bengal
CUST00802,Priya Gupta,14-05-2022,Madhya Pradesh
CUST00803,Amit Gupta,13-06-2022,Rajasthan
CUST00804,Aarti Yadav,13-06-2023,Uttar Pradesh
CUST00805,Ritika Rawat,16-05-2023,Maharashtra
CUST00806,Arjun Malhotra,01-06-2022,Madhya Pradesh
CUST00807,Neha Mehta,19-10-2022,Uttar Pradesh
CUST00808,Gaurav Bansal,26-07-2023,Haryana
CUST00809,Gaurav Yadav,16-07-2023,West Bengal
CUST00810,Rahul Negi,16-05-2023,Madhya Pradesh
CUST00811,Ravi Yadav,19-04-2022,Punjab
CUST00812,Isha Yadav,28-05-2023,Madhya Pradesh
CUST00813,Manish Malhotra,24-09-2022,West Bengal
CUST00814,Shreya Nair,10-06-2022,Madhya Pradesh
CUST00815,Gaurav Pandey,01-08-2022,Kerala
CUST00816,Sunil Singh,18-07-2023,Tamil Nadu
CUST00817,Ankit Nair,09-06-2022,West Bengal
CUST00818,Alok Nair,04-09-2023,West Bengal
CUST00819,NEHA CHAUHAN,22-11-2023,Gujarat
CUST00820,Ankit Mehta,05-07-2022,Madhya Pradesh
CUST00821,Priya Mehta,14-11-2022,Gujarat
CUST00822,Neha Rawat,21-06-2023,Karnataka
CUST00823,Arjun Gupta,01-01-2022,Telangana
CUST00824,Pankaj Yadav,19-11-2022,Tamil Nadu
CUST00825,Ravi Sharma,17-08-2022,Telangana
CUST00826,Kavita Yadav,21-08-2023,Punjab
CUST00827,AMIT MISHRA,14-01-2023,Tamil Nadu
CUST00828,Pankaj Mishra,31-08-2022,Uttar Pradesh
CUST00829,Ritika Thakur,17-01-2022,Maharashtra
CUST00830,Nidhi Pandey,10-05-2023,Madhya Pradesh
CUST00831,Vikas Sharma,25-05-2022,Rajasthan
CUST00832,Suresh Sharma,11-03-2023,Uttarakhand
CUST00833,Kunal Gupta,30-08-2022,Delhi
CUST00834,Kavita Verma,01-06-2023,Haryana
CUST00835,Shreya Singh,30-04-2022,Maharashtra
CUST00836,Rahul Iyer,26-10-2022,Bihar
CUST00837,Amit Nair,07-12-2022,Uttarakhand
CUST00838,Manish Thakur,26-02-2022,Punjab
CUST00839,Nidhi Chauhan,29-08-2022,Madhya Pradesh
CUST00840,Isha Reddy,14-08-2023,Uttar Pradesh
CUST00841,Kavita Nair,13-12-2022,Haryana
CUST00842,Isha Kapoor,24-09-2023,Madhya Pradesh
CUST00843,Deepak Reddy,07-04-2023,Punjab
CUST00844,Amit Verma,13-04-2022,Gujarat
CUST00845,Amit Negi,28-09-2023,Uttarakhand
CUST00846,Ritika Rawat,13-07-2022,Maharashtra
CUST00847,Nidhi Sharma,03-01-2023,Maharashtra
CUST00848,Ritika Bansal,20-06-2022,Telangana
CUST00849,Neeraj Iyer,09-09-2023,Punjab
CUST00850,Suresh Singh,25-05-2022,Tamil Nadu
CUST00851,Neeraj Singh,26-05-2023,Rajasthan
CUST00852,Ananya Kapoor,17-11-2022,Uttarakhand
CUST00853,Manish Sharma,04-02-2022,Tamil Nadu
CUST00854,NEERAJ PANDEY,03-10-2022,Maharashtra
CUST00855,Gaurav Nair,23-10-2023,Kerala
CUST00856,Ravi Gupta,23-08-2022,Karnataka
CUST00857,Gaurav Chauhan,23-06-2023,Rajasthan
CUST00858,Simran Kapoor,31-05-2023,Rajasthan
CUST00859,Gaurav Mishra,20-03-2023,Maharashtra
CUST00860,Aarti Negi,24-12-2022,Maharashtra
CUST00861,Ananya Joshi,11-05-2022,Rajasthan
CUST00862,Ananya Chauhan,03-01-2023,Tamil Nadu
CUST00863, Neha Chauhan ,07-04-2022,Telangana
CUST00864,Ananya Verma,28-01-2022,Bihar
CUST00865,Vikas Negi,02-03-2022,Karnataka
CUST00866,Arjun Yadav,16-11-2022,Bihar
CUST00867,Pooja Nair,17-07-2022,West Bengal
CUST00868,Deepak Malhotra,24-02-2023,Uttar Pradesh
CUST00869,Alok Mishra,16-11-2023,Madhya Pradesh
CUST00870,Kunal Nair,03-07-2023,Delhi
CUST00871, Sakshi Sharma ,16-07-2022,Gujarat
CUST00872,Isha Yadav,10-07-2023,Madhya Pradesh
CUST00873,Isha Sharma,02-06-2022,Haryana
CUST00874,Sandeep Mishra,05-06-2023,Uttarakhand
CUST00875,Rahul Chauhan,03-09-2022,Madhya Pradesh
CUST00876,Shreya Sharma,19-10-2023,Maharashtra
CUST00877,Amit Agarwal,27-01-2022,West Bengal
CUST00878,Simran Malhotra,25-05-2022,Maharashtra
CUST00879,Sakshi Thakur,25-07-2022,Delhi
CUST00880,Rohan Thakur,17-10-2023,Karnataka
CUST00881,Nidhi Bansal,21-07-2023,Telangana
CUST00882,Suresh Bansal,29-07-2023,Punjab
CUST00883,Kavita Mehta,08-05-2022,Uttar Pradesh
CUST00884,Gaurav Nair,21-08-2022,Karnataka
CUST00885,Pankaj Iyer,05-07-2022,Delhi
CUST00886,AARTI PANDEY,23-07-2023,Uttarakhand
CUST00887,Deepak Yadav,10-06-2023,Bihar
CUST00888,Neha Agarwal,03-01-2022,Uttar Pradesh
CUST00889,Ravi Iyer,16-02-2023,Madhya Pradesh
CUST00890,Shreya Nair,23-04-2022,Rajasthan
CUST00891,Shreya Negi,31-05-2022,Haryana
CUST00892,Kunal Kapoor,29-03-2023,Uttar Pradesh
CUST00893,Ankit Chauhan,27-09-2022,Punjab
CUST00894,Shreya Kapoor,06-01-2023,Tamil Nadu
CUST00895,Kavita Mishra,22-07-2022,Gujarat
CUST00896,Isha Yadav,20-03-2023,Uttar Pradesh
CUST00897,Ravi Kapoor,22-07-2022,Punjab
CUST00898,Alok Mehta,15-10-2022,Madhya Pradesh
CUST00899,Kavita Iyer,03-03-2022,Delhi
CUST00900,Neeraj Singh,28-08-2023,Uttarakhand
CUST00901,Aarti Yadav,01-10-2023,Haryana
CUST00902,Gaurav Yadav,23-09-2023,Gujarat
CUST00903,Shreya Thakur,15-07-2022,Gujarat
CUST00904,Pooja Rawat,04-02-2022,Haryana
CUST00905,Sakshi Sharma,17-11-2023,Delhi
CUST00906,Sandeep Bansal,13-10-2022,Rajasthan
CUST00907,Arjun Mishra,02-03-2023,Telangana
CUST00908,Sakshi Negi,03-12-2022,Madhya Pradesh
CUST00909,Amit Sharma,10-06-2022,Bihar
CUST00910,Neeraj Bansal,26-01-2023,West Bengal
CUST00911,Shreya Joshi,14-10-2022,Rajasthan
CUST00912,Simran Singh,28-10-2023,Delhi
CUST00913,Suresh Verma,08-04-2022,Maharashtra
CUST00914,Sunil Nair,26-06-2022,Punjab
CUST00915,Mohit Iyer,15-02-2022,Gujarat
CUST00916,Ritika Kapoor,10-05-2023,Uttar Pradesh
CUST00917,Ananya Thakur,16-07-2022,Uttar Pradesh
CUST00918,Amit Malhotra,22-05-2023,Uttar Pradesh
CUST00919,Aarti Pandey,26-09-2023,Delhi
CUST00920,Shreya Joshi,09-11-2023,Rajasthan
CUST00921,Ravi Rawat,31-10-2022,West Bengal
CUST00922,Manish Singh,20-09-2022,Madhya Pradesh
CUST00923,Shreya Sharma,08-01-2023,Madhya Pradesh
CUST00924,Alok Reddy,30-06-2023,Karnataka
CUST00925,Manish Agarwal,20-06-2023,Tamil Nadu
CUST00926,Aarti Kapoor,28-03-2022,Bihar
CUST00927,Ankit Kapoor,02-12-2023,Maharashtra
CUST00928,Vikas Joshi,22-03-2023,Gujarat
CUST00929,Ankit Mishra,30-08-2023,Karnataka
CUST00930,Aarti Kapoor,04-07-2022,Telangana
CUST00931,Vikas Mehta,07-04-2022,Tamil Nadu
CUST00932,Vikas Thakur,18-02-2022,Maharashtra
CUST00933,Arjun Sharma,11-01-2022,Gujarat
CUST00934,Pankaj Mishra,18-07-2022,West Bengal
CUST00935,Kunal Agarwal,15-10-2023,Rajasthan
CUST00936,Aarti Verma,30-07-2022,Kerala
CUST00937, Kavita Joshi ,28-06-2022,Telangana
CUST00938,Priya Agarwal,28-06-2022,Madhya Pradesh
CUST00939,Pooja Agarwal,15-04-2022,West Bengal
CUST00940,Neha Joshi,12-12-2022,West Bengal
CUST00941,Aarti Mishra,19-08-2023,Telangana
CUST00942,Neeraj Sharma,02-04-2022,Madhya Pradesh
CUST00943,Isha Verma,03-05-2022,Maharashtra
CUST00944,Shreya Joshi,06-01-2022,Maharashtra
CUST00945,SHREYA MALHOTRA,17-01-2023,Haryana
CUST00946,Rohan Kapoor,14-12-2022,Tamil Nadu
CUST00947,Sunil Negi,04-04-2022,Uttarakhand
CUST00948,Suresh Yadav,25-10-2022,Haryana
CUST00949,Shreya Malhotra,07-08-2023,Maharashtra
CUST00950,Ravi Gupta,24-04-2022,Kerala
CUST00951,Rohan Chauhan,29-11-2022,Karnataka
CUST00952,Alok Agarwal,21-11-2023,Rajasthan
CUST00953,Ritika Gupta,01-06-2023,Karnataka
CUST00954,Neha Gupta,23-03-2023,Tamil Nadu
CUST00955,Pooja Bansal,17-03-2022,Karnataka
CUST00956,Arjun Malhotra,26-11-2023,Kerala
CUST00957,Amit Negi,23-01-2022,Bihar
CUST00958,Neha Malhotra,02-08-2022,West Bengal
CUST00959,Arjun Negi,17-10-2022,Bihar
CUST00960,Alok Agarwal,29-11-2022,Gujarat
CUST00961,Ananya Kapoor,24-03-2022,Uttarakhand
CUST00962,Sunil Bansal,27-11-2023,Gujarat
CUST00963,Suresh Verma,31-08-2023,Gujarat
CUST00964,Ravi Reddy,05-01-2022,Haryana
CUST00965,Manish Reddy,06-04-2023,Uttarakhand
CUST00966,Deepak Gupta,01-02-2023,West Bengal
CUST00967,Suresh Nair,25-09-2023,Maharashtra
CUST00968,Sandeep Negi,13-07-2022,Uttarakhand
CUST00969,Suresh Mehta,29-10-2023,Tamil Nadu
CUST00970,Deepak Reddy,27-12-2022,Delhi
CUST00971,Rohan Reddy,13-08-2022,Bihar
CUST00972,Pankaj Negi,09-07-2022,Bihar
CUST00973,Kavita Yadav,22-04-2023,Punjab
CUST00974,Suresh Yadav,28-01-2023,Karnataka
CUST00975,Neha Verma,09-05-2023,Rajasthan
CUST00976,Amit Agarwal,17-08-2022,West Bengal
CUST00977,Simran Mishra,12-07-2022,Madhya Pradesh
CUST00978,Sandeep Mishra,22-01-2022,West Bengal
CUST00979,Aarti Singh,30-10-2023,Haryana
CUST00980,Sunil Nair,22-07-2023,Delhi
CUST00981,Aarti Rawat,10-08-2023,Kerala
CUST00982,Deepak Chauhan,03-09-2022,Bihar
CUST00983,Neha Joshi,06-04-2022,Bihar
CUST00984,Vikas Joshi,13-04-2023,Delhi
CUST00985,Rohan Kapoor,01-07-2022,Bihar
CUST00986,Neha Yadav,04-05-2023,West Bengal
CUST00987,Ritika Bansal,20-06-2023,Uttarakhand
CUST00988,Shreya Iyer,11-05-2022,Telangana
CUST00989,Simran Pandey,04-08-2022,Punjab
CUST00990,Kavita Kapoor,23-05-2022,Telangana
CUST00991,Kavita Iyer,05-03-2022,Kerala
CUST00992,Neeraj Yadav,18-05-2023,Tamil Nadu
CUST00993,Amit Kapoor,09-08-2022,Rajasthan
CUST00994,Gaurav Nair,17-06-2022,Delhi
CUST00995, Rohan Reddy ,30-11-2023,Kerala
CUST00996,Priya Mishra,03-04-2023,Uttarakhand
CUST00997,Amit Mishra,07-07-2023,Rajasthan
CUST00998,Simran Thakur,09-09-2022,Bihar
CUST00999,SUNIL NAIR,05-11-2023,Kerala
CUST01000,SURESH VERMA,04-10-2023,Kerala
CUST01001,Kavita Joshi,31-10-2022,Tamil Nadu
CUST01002,NIDHI NEGI,15-11-2022,Rajasthan
CUST01003,Pankaj Negi,31-05-2023,Kerala
CUST01004,Kavita Mehta,25-03-2023,Madhya Pradesh
CUST01005,Gaurav Nair,19-02-2022,Punjab
CUST01006,Arjun Sharma,20-01-2023,Telangana
CUST01007,Nidhi Pandey,23-10-2023,Uttarakhand
CUST01008,Suresh Gupta,15-05-2023,Rajasthan
CUST01009,Rohan Gupta,17-10-2022,Delhi
CUST01010,Ravi Yadav,05-04-2022,Tamil Nadu
CUST01011,Neeraj Sharma,17-06-2023,Delhi
CUST01012,Neha Mishra,29-08-2022,Delhi
CUST01013,Amit Bansal,27-04-2022,West Bengal
CUST01014,Suresh Agarwal,15-09-2022,Delhi
CUST01015,MOHIT IYER,21-12-2022,Tamil Nadu
CUST01016, Kunal Malhotra ,17-10-2023,Haryana
CUST01017,Rahul Gupta,28-10-2023,Kerala
CUST01018,Shreya Joshi,24-03-2023,Delhi
CUST01019,Manish Agarwal,16-06-2022,Punjab
CUST01020,Pankaj Iyer,14-07-2022,West Bengal
CUST01021,Manish Iyer,04-08-2022,Telangana
CUST01022,Sakshi Pandey,16-09-2022,Punjab
CUST01023,Neha Agarwal,23-02-2022,Gujarat
CUST01024,Nidhi Thakur,22-11-2023,Punjab
CUST01025,Sandeep Negi,02-12-2022,Tamil Nadu
CUST01026,Pooja Bansal,04-01-2023,Bihar
CUST01027,Mohit Bansal,07-07-2023,Delhi
CUST01028,Pooja Chauhan,04-06-2023,Rajasthan
CUST01029,Gaurav Yadav,18-06-2022,Uttarakhand
CUST01030,Rohan Gupta,08-01-2023,Telangana
CUST01031,SAKSHI SINGH,28-02-2023,Rajasthan
CUST01032,Sandeep Kapoor,23-10-2022,Delhi
CUST01033,Ananya Gupta,24-05-2023,Bihar
CUST01034,Manish Mehta,13-07-2023,Maharashtra
CUST01035,Ankit Negi,15-10-2022,Rajasthan
CUST01036,Pankaj Yadav,28-01-2023,Haryana
CUST01037,Sakshi Singh,06-01-2022,Gujarat
CUST01038,Simran Reddy,09-03-2022,Uttar Pradesh
CUST01039,Nidhi Mishra,29-04-2023,Gujarat
CUST01040,Rahul Sharma,13-10-2022,Gujarat
CUST01041,Priya Thakur,21-09-2022,Telangana
CUST01042,Arjun Nair,03-09-2022,West Bengal
CUST01043,Sandeep Sharma,29-03-2023,Karnataka
CUST01044,Simran Sharma,22-08-2022,Madhya Pradesh
CUST01045,Pooja Verma,26-06-2022,Kerala
CUST01046,Arjun Agarwal,29-08-2023,Haryana
CUST01047, Manish Bansal ,03-08-2022,Maharashtra
CUST01048,Neeraj Sharma,26-06-2023,West Bengal
CUST01049,SHREYA JOSHI,17-02-2022,Maharashtra
CUST01050,Neha Mishra,18-11-2022,Delhi
CUST01051,Isha Negi,13-02-2022,Uttar Pradesh
CUST01052,Aarti Verma,17-10-2022,Kerala
CUST01053,Isha Rawat,18-03-2023,Bihar
CUST01054,Vikas Rawat,30-09-2023,Punjab
CUST01055,Sandeep Iyer,12-10-2023,Punjab
CUST01056,Manish Mishra,02-09-2022,Uttarakhand
CUST01057,Mohit Kapoor,09-01-2023,Haryana
CUST01058,Mohit Gupta,07-10-2022,Telangana
CUST01059,Neha Iyer,06-04-2022,West Bengal
CUST01060,Gaurav Sharma,25-01-2022,Uttar Pradesh
CUST01061,Amit Joshi,28-11-2022,Kerala
CUST01062,Nidhi Joshi,02-09-2023,Rajasthan
CUST01063,Nidhi Mishra,06-10-2023,Uttarakhand
CUST01064,Neha Nair,15-06-2023,Rajasthan
CUST01065,Ritika Nair,04-03-2022,Bihar
CUST01066,Alok Rawat,01-12-2023,Haryana
CUST01067,Ravi Yadav,26-12-2022,Telangana
CUST01068,Kavita Mishra,06-02-2023,West Bengal
CUST01069,Suresh Rawat,11-08-2022,Bihar
CUST01070, Sandeep Rawat ,25-05-2023,Gujarat
CUST01071,Mohit Mehta,24-11-2023,Punjab
CUST01072,Aarti Bansal,10-02-2022,Haryana
CUST01073,Shreya Sharma,18-03-2023,Uttar Pradesh
CUST01074,Nidhi Gupta,13-03-2023,Delhi
CUST01075,NEERAJ BANSAL,21-01-2022,Delhi
CUST01076,Arjun Reddy,26-11-2022,Uttar Pradesh
CUST01077,Vikas Joshi,14-08-2023,Haryana
CUST01078,Aarti Pandey,31-08-2022,Delhi
CUST01079,Rohan Agarwal,10-01-2022,Uttar Pradesh
CUST01080,Mohit Nair,21-03-2022,Gujarat
CUST01081,Rohan Mehta,22-04-2022,Karnataka
CUST01082,ALOK SHARMA,03-07-2023,West Bengal
CUST01083,Nidhi Yadav,15-08-2022,Telangana
CUST01084,Manish Malhotra,03-10-2023,Bihar
CUST01085,Sandeep Rawat,19-06-2023,Gujarat
CUST01086,Kavita Mehta,11-01-2023,Gujarat
CUST01087, Vikas Agarwal ,14-04-2022,Karnataka
CUST01088,Sandeep Bansal,06-01-2023,Karnataka
CUST01089,Arjun Bansal,30-03-2023,Delhi
CUST01090,Deepak Reddy,07-10-2022,Bihar
CUST01091,Nidhi Bansal,20-11-2022,Haryana
CUST01092,Vikas Rawat,20-09-2022,Punjab
CUST01093,Rahul Chauhan,04-02-2023,Gujarat
CUST01094,Ananya Pandey,12-09-2022,Uttarakhand
CUST01095,Mohit Malhotra,26-08-2022,Rajasthan
CUST01096,Deepak Thakur,04-08-2022,Punjab
CUST01097,Ravi Negi,14-06-2022,Gujarat
CUST01098,Priya Verma,07-03-2022,Delhi
CUST01099,Pankaj Kapoor,23-04-2023,Kerala
CUST01100,Kavita Reddy,15-09-2023,Kerala
CUST01101,Pooja Yadav,03-01-2022,West Bengal
CUST01102,Arjun Verma,01-03-2023,Uttarakhand
CUST01103,Shreya Verma,05-06-2022,Kerala
CUST01104,Nidhi Thakur,14-07-2023,Delhi
CUST01105,Ankit Pandey,06-07-2023,Haryana
CUST01106,Mohit Negi,19-07-2023,Karnataka
CUST01107,Amit Gupta,21-03-2023,Telangana
CUST01108,Amit Thakur,17-02-2022,Rajasthan
CUST01109,Neha Singh,19-05-2022,Karnataka
CUST01110,Arjun Agarwal,04-06-2023,Bihar
CUST01111,Neha Mishra,27-09-2022,Gujarat
CUST01112,Sandeep Bansal,18-07-2023,Kerala
CUST01113,Arjun Agarwal,31-03-2022,Madhya Pradesh
CUST01114,Sunil Nair,15-09-2023,West Bengal
CUST01115,Amit Malhotra,09-01-2022,West Bengal
CUST01116,Neeraj Gupta,07-08-2023,Karnataka
CUST01117,RAVI AGARWAL,11-07-2022,Karnataka
CUST01118,Kavita Verma,24-09-2023,Rajasthan
CUST01119,Deepak Nair,27-02-2022,Haryana
CUST01120,Sakshi Nair,08-12-2022,Kerala
CUST01121,Manish Yadav,12-08-2023,Tamil Nadu
CUST01122,Ritika Iyer,04-03-2023,Rajasthan
CUST01123,Amit Bansal,03-01-2023,Madhya Pradesh
CUST01124,Shreya Kapoor,09-06-2023,Telangana
CUST01125,Neeraj Gupta,22-08-2022,Tamil Nadu
CUST01126,Neeraj Pandey,16-09-2022,Tamil Nadu
CUST01127,Simran Reddy,27-06-2023,Haryana
CUST01128, Kavita Pandey ,15-08-2023,Kerala
CUST01129,Gaurav Rawat,03-06-2023,Maharashtra
CUST01130,Ankit Iyer,23-07-2023,Karnataka
CUST01131,Sandeep Nair,18-09-2022,Uttar Pradesh
CUST01132,Isha Reddy,23-05-2022,Maharashtra
CUST01133,Gaurav Negi,14-09-2022,Kerala
CUST01134,Neha Gupta,17-01-2023,Bihar
CUST01135,Kunal Sharma,29-09-2022,Madhya Pradesh
CUST01136,Sandeep Agarwal,20-08-2022,Madhya Pradesh
CUST01137,Neeraj Mehta,20-09-2023,Madhya Pradesh
CUST01138,Kavita Pandey,31-05-2023,Gujarat
CUST01139,Pooja Sharma,16-07-2022,Uttarakhand
CUST01140,Ritika Yadav,06-12-2022,Madhya Pradesh
CUST01141,Aarti Bansal,09-08-2022,Maharashtra
CUST01142,Priya Iyer,24-10-2023,Gujarat
CUST01143,Rohan Singh,17-10-2023,Gujarat
CUST01144,Rohan Verma,17-01-2022,Uttar Pradesh
CUST01145,Sandeep Singh,14-11-2022,Rajasthan
CUST01146,Aarti Negi,19-02-2023,Maharashtra
CUST01147,Sandeep Chauhan,01-07-2023,Rajasthan
CUST01148,Neha Negi,15-11-2022,Rajasthan
CUST01149,Amit Sharma,03-11-2022,Punjab
CUST01150,Gaurav Malhotra,06-04-2022,Karnataka
CUST01151,Simran Agarwal,04-03-2023,Delhi
CUST01152,Pooja Chauhan,05-12-2022,Maharashtra
CUST01153,Ananya Chauhan,05-12-2022,Karnataka
CUST01154,Shreya Reddy,04-10-2023,Karnataka
CUST01155,Sakshi Mishra,07-04-2022,Madhya Pradesh
CUST01156,Isha Iyer,29-10-2022,Delhi
CUST01157, Gaurav Yadav ,13-06-2023,Uttarakhand
CUST01158,Arjun Iyer,28-01-2022,Madhya Pradesh
CUST01159,Ritika Joshi,12-04-2022,West Bengal
CUST01160,Alok Pandey,19-01-2022,Maharashtra
CUST01161,Rahul Mehta,12-02-2023,Delhi
CUST01162,Mohit Negi,04-06-2023,Madhya Pradesh
CUST01163,Pooja Mishra,11-04-2022,Karnataka
CUST01164,Suresh Mehta,05-12-2022,Madhya Pradesh
CUST01165,Rohan Malhotra,01-06-2023,Uttar Pradesh
CUST01166,Amit Pandey,02-10-2022,West Bengal
CUST01167,Suresh Chauhan,19-11-2022,Kerala
CUST01168,Amit Mehta,30-03-2022,Bihar
CUST01169,Kunal Reddy,21-05-2023,Telangana
CUST01170,Gaurav Singh,29-05-2022,Uttarakhand
CUST01171,Alok Pandey,03-02-2023,Gujarat
CUST01172,Sakshi Yadav,11-04-2022,West Bengal
CUST01173,Priya Chauhan,26-02-2023,Telangana
CUST01174,Amit Bansal,13-04-2022,Punjab
CUST01175,Deepak Nair,25-03-2023,Rajasthan
CUST01176,Rohan Agarwal,27-02-2022,West Bengal
CUST01177,Ritika Mehta,04-07-2022,Maharashtra
CUST01178,Sakshi Verma,02-11-2022,Punjab
CUST01179,Rohan Agarwal,19-01-2023,Karnataka
CUST01180,Deepak Sharma,01-07-2022,Uttarakhand
CUST01181,Rahul Nair,31-03-2022,West Bengal
CUST01182,Sandeep Reddy,08-10-2022,Gujarat
CUST01183,Alok Negi,16-01-2023,Haryana
CUST01184,Nidhi Rawat,19-04-2023,Maharashtra
CUST01185,Pooja Sharma,28-05-2022,Kerala
CUST01186,Amit Singh,25-02-2023,West Bengal
CUST01187,Neeraj Joshi,28-04-2023,Uttarakhand
CUST01188,Isha Singh,15-10-2022,Maharashtra
CUST01189,Kavita Chauhan,22-01-2023,Punjab
CUST01190,Isha Verma,12-11-2022,Kerala
CUST01191, Amit Verma ,27-09-2023,Kerala
CUST01192,Kunal Kapoor,17-01-2022,Tamil Nadu
CUST01193,Ravi Negi,02-07-2023,Gujarat
CUST01194,Suresh Yadav,22-05-2023,Uttarakhand
CUST01195,Priya Malhotra,27-05-2023,Haryana
CUST01196,Mohit Nair,07-01-2023,Maharashtra
CUST01197,Neha Negi,03-06-2022,Punjab
CUST01198,Alok Thakur,09-01-2023,Madhya Pradesh
CUST01199,Aarti Kapoor,10-12-2022,Karnataka
CUST01200,Kavita Malhotra,14-08-2022,Rajasthan
CUST00637,Ravi Reddy,03-09-2022,Uttar Pradesh
CUST00684,Ritika Thakur,12-08-2022,Uttarakhand
CUST01034,Manish Mehta,13-07-2023,Maharashtra
CUST00191,Alok Gupta,21-10-2023,Haryana
CUST01084,Manish Malhotra,03-10-2023,Bihar
CUST00284,Shreya Mehta,05-01-2023,Uttarakhand
CUST00818,Alok Nair,04-09-2023,West Bengal
CUST00315,Kunal Kapoor,12-10-2022,Maharashtra
CUST00538,Vikas Reddy,02-10-2022,Bihar
CUST00665,Aarti Verma,25-06-2022,Haryana
CUST00240,Sunil Kapoor,13-05-2022,Bihar
CUST00136,Ananya Rawat,15-10-2022,Telangana
CUST00336,Amit Gupta,21-03-2023,Madhya Pradesh
CUST00190,Sandeep Nair,02-09-2022,Telangana
CUST00839,Nidhi Chauhan,29-08-2022,Madhya Pradesh
